<keymap version="1" name="Default copy" parent="$default">
  <action id="ActivateDatabaseToolWindow">
    <keyboard-shortcut first-keystroke="alt 3" />
  </action>
  <action id="ActivateFindToolWindow" />
  <action id="ActivateHierarchyToolWindow" />
  <action id="ActivatePythonConsoleToolWindow">
    <keyboard-shortcut first-keystroke="alt 8" />
  </action>
  <action id="ActivateVersionControlToolWindow">
    <keyboard-shortcut first-keystroke="alt 9" />
  </action>
  <action id="CloseAllEditorsButActive">
    <keyboard-shortcut first-keystroke="alt minus" />
  </action>
  <action id="CloseProject">
    <keyboard-shortcut first-keystroke="alt c" />
  </action>
  <action id="NewDirectoryProject">
    <keyboard-shortcut first-keystroke="alt p" />
  </action>
  <action id="ToggleFullScreen">
    <keyboard-shortcut first-keystroke="alt b" />
  </action>
  <action id="TogglePresentationMode">
    <keyboard-shortcut first-keystroke="alt n" />
  </action>
  <action id="editRunConfigurations">
    <keyboard-shortcut first-keystroke="alt t" />
  </action>
</keymap>