<keymap version="1" name="idea_short_key" parent="$default">
  <action id="ActivateDatabaseToolWindow">
    <keyboard-shortcut first-keystroke="alt 3" />
  </action>
  <action id="ActivateFindToolWindow" />
  <action id="ActivateHierarchyToolWindow" />
  <action id="ActivateMavenToolWindow">
    <keyboard-shortcut first-keystroke="alt 8" />
  </action>
  <action id="ActivateVersionControlToolWindow">
    <keyboard-shortcut first-keystroke="alt 9" />
  </action>
  <action id="CloseAllEditorsButActive">
    <keyboard-shortcut first-keystroke="alt minus" />
  </action>
  <action id="CloseProject">
    <keyboard-shortcut first-keystroke="alt c" />
  </action>
  <action id="NewClass">
    <keyboard-shortcut first-keystroke="alt a" />
  </action>
  <action id="NewDir">
    <keyboard-shortcut first-keystroke="alt d" />
  </action>
  <action id="NewFile">
    <keyboard-shortcut first-keystroke="alt f" />
  </action>
  <action id="NewHtmlFile">
    <keyboard-shortcut first-keystroke="alt h" />
  </action>
  <action id="NewModule">
    <keyboard-shortcut first-keystroke="alt m" />
  </action>
  <action id="NewProject">
    <keyboard-shortcut first-keystroke="alt p" />
  </action>
  <action id="ToggleFullScreen">
    <keyboard-shortcut first-keystroke="alt b" />
  </action>
  <action id="TogglePresentationMode">
    <keyboard-shortcut first-keystroke="alt n" />
  </action>
  <action id="editRunConfigurations">
    <keyboard-shortcut first-keystroke="alt t" />
  </action>
</keymap>